{
  "blogs": [
    {
      "title": "Jobs",
      "body": "We are seeking experienced transcribers/transcriptionists to join our elite team. Successful candidates will be comfortable and confident transcribing sophisticated business language quickly and accurately. Candidates must be highly proficient transcribers with three+ years of professional human transcription experience and have access to their own transcription software, such as Express Scribe or similar, and must have Microsoft Word version 2007 or newer. We use 100% human transcription and do not allow any kind of automatic",
      "Auther": "Augustine",
      "id": 1
    },
    {
      "title": "fab",
      "body": "We are seeking experienced transcribers/transcriptionists to join our elite team. Successful candidates will be comfortable and confident transcribing sophisticated business language quickly and accurately. Candidates must be highly proficient transcribers with three+ years of professional human transcription experience and have access to their own transcription software, such as Express Scribe or similar, and must have Microsoft Word version 2007 or newer. We use 100% human transcription and do not allow any kind of automatic",
      "Auther": "betty",
      "id": 2
    }
  ]
}